id;nom_responsable;prenom_responsable;email;specialite;numb_1;numb_2;raison_social
1;Liaison Engineer Tennessee;Kids Vermont utilisation;Jakayla.Smith90@yahoo.com;SAS;Mouse up;invoice Health;Generic Light
2;regional;portals neural-net;Rolando.Oberbrunner88@yahoo.com;Practical Guinea Mississippi;Consultant Malagasy;Coordinator Convertible;Enhanced
3;Tasty;Bedfordshire;Brielle99@yahoo.com;Specialist;Ouguiya SMS Taka;Intelligent Creative;Florida
4;Strategist;pink;Jada_Stoltenberg75@yahoo.com;Wisconsin;Bedfordshire Cambridgeshire;exuding Salad Tunnel;digital Licensed Cotton
5;Parks multi-byte Movies;JBOD Cotton Pizza;Roscoe57@gmail.com;Executive SAS Handmade;backing;Forward Hills;Mouse strategize e-markets
6;enable Baby;target Visionary;Robb.Sipes@hotmail.com;synergize;Denmark Books;Planner;port alarm
7;Clothing Avon web;Generic HDD;Sam_Davis@gmail.com;Director Games Pants;Checking Auto array;Industrial Dollar;Georgia microchip Orchestrator
8;Vermont brand Tasty;drive Keyboard lime;Deborah.DuBuque@yahoo.com;niches;payment;parse e-markets Account;Open-source synthesizing Tuna
9;Assurance Refined;Optimization;Darrion.Fritsch@gmail.com;Fiji ivory systems;RSS;Fantastic Solutions compress;Chief
10;USB defect Global;Representative Islands bypassing;Lora26@gmail.com;protocol;dynamic;silver;grey Regional panel
