id;nom_intervenant;prenom_intervenant;email_professionnel;raison_social;maitre;role
1;Bike Business-focused;Enterprise-wide;Open-architected;alarm user;MaitreOeuvre;Markets AI deposit
2;SCSI Cambodia Nebraska;Manager;Netherlands granular blockchains;Investment holistic blue;MaitreOuvrage;Rustic transmitting Ergonomic
3;Infrastructure copying;payment Peso Buckinghamshire;system Chief;Drive transmitting copy;MaitreOuvrage;programming
4;Soap Avon;Organized;array;Riel;MaitreOuvrage;Shoes mission-critical Gibraltar
5;empower Metal Island;Cotton Kentucky Viaduct;Car Concrete;feed;MaitreOuvrage;Cotton Tasty
6;Tuna;Exclusive;knowledge deposit Lesotho;gold Agent;MaitreOuvrage;streamline Outdoors Dollar
7;Accounts Global;Rubber Indian;proactive copy;Right-sized;MaitreOuvrage;Marketing
8;withdrawal Pants Factors;grey eyeballs solutions;Industrial;Beauty Brand;MaitreOuvrage;generation Leu
9;Hryvnia;port supply-chains;demand-driven Agent primary;New Manat neural;MaitreOuvrage;optimal bandwidth
10;Jewelery application;West;deliverables Engineer Island;hardware seize experiences;MaitreOuvrage;payment Secured
