id;nom_pers;prenom_pers;sexe;mobile;adresse
1;Malaysia streamline;Rubber Investor;Masculin;haptic;leverage
2;reintermediate;protocol neural Garden;Feminin;Account Administrator;Denmark
3;transmit silver;capability;Masculin;Fresh Bedfordshire Fords;Shoes Berkshire fresh-thinking
4;Granite methodologies;virtual Administrator;Masculin;blockchains;panel
5;silver indigo;backing black;Feminin;transmit York;Circles
6;deposit radical e-services;deposit Bedfordshire;Feminin;deposit mint;Operations bluetooth
7;Unbranded;regional Zambia Computer;Feminin;wireless Carolina Customer;relationships
8;Checking Morocco encompassing;Sports definition;Masculin;Dong;instruction
9;Ball;Account Virginia;Feminin;Seamless protocol Real;cohesive
10;auxiliary payment Refined;Buckinghamshire;Feminin;override bypassing;Branding
