id;nom_pers;prenom_pers;sexe;mobile;adresse;direction
1;Pizza Steel;paradigm static cohesive;Feminin;PNG Montana Toys;Loan Outdoors;CPM
2;Soap Designer;alarm;Masculin;Tasty Kyat Table;green;CPM
3;RAM Chief;moderator SCSI Wyoming;Feminin;navigating withdrawal;Via Cambridgeshire;DAGE
4;Intelligent quantifying Handmade;approach;Feminin;Intranet Buckinghamshire;collaborative magenta;CelluleJuridique
5;bypassing backing;architecture SQL;Feminin;Solutions withdrawal Object-based;Granite AI green;SEN32
6;mobile Fresh Cyprus;USB;Feminin;Inlet;Concrete Agent Credit;PE
7;strategic Global Usability;generating;Feminin;Buckinghamshire mindshare;Plastic;CelluleJuridique
8;up;Books;Feminin;bricks-and-clicks;Pizza withdrawal;CelluleInformatique
9;parsing Account Investor;Oro Infrastructure;Masculin;end-to-end;Chicken asynchronous Fantastic;CelluleGenre
10;input orange deposit;National;Masculin;Mall quantify;Manors;CPM
