id;code_fournisseuer;nom_fournisseur;prenom_fournisseur;sexe;raison_social;adresse;num_1;num_2;ville;email
1;Pound Creative override;withdrawal plum Specialist;SQL Computers;Feminin;Automotive;Identity transmitter Hong;Engineer;input;deliverables Carolina;Allene_Graham@yahoo.com
2;Bedfordshire;back Frozen;Investor Hollow;Feminin;withdrawal Branding Incredible;compelling;Sausages Engineer;Advanced;Developer;Heber67@yahoo.com
3;deposit;customer;Investor sky plum;Masculin;engage;open-source multi-byte;Executive Cotton;Agent Avon pink;withdrawal;Cali.Kub@gmail.com
4;Mountains;Granite best-of-breed Bedfordshire;Colorado;Masculin;human-resource;Steel turn-key;Loan invoice;Idaho Incredible Assistant;Kids Markets Bacon;Katelin.Bins@yahoo.com
5;Knolls;proactive;hack optical Buckinghamshire;Feminin;dynamic Associate;exuding invoice;redundant;Principal;capacitor real-time Renminbi;Eden64@gmail.com
6;24/365;Keyboard Auto leading-edge;connect generate withdrawal;Masculin;Focused eyeballs copy;Organized Designer plum;Buckinghamshire Pound;Buckinghamshire Bacon Yen;green Research programming;Estelle60@hotmail.com
7;generate transform;functionalities transition Licensed;engage Ergonomic;Feminin;Cove;Seychelles;port;Practical withdrawal;Buckinghamshire Rubber hack;Wilber_Okuneva@yahoo.com
8;Shoes withdrawal Georgia;Handmade;Oklahoma Kip indexing;Masculin;deposit client-server microchip;Cambridgeshire Nebraska;Refined withdrawal strategy;Fantastic Minnesota silver;teal application bus;Margarett15@gmail.com
9;connect generating;Enterprise-wide;Forward Money Soft;Masculin;Frozen Account;solution redefine;Argentine;Intelligent;invoice;Wendy.Anderson@gmail.com
10;Polarised Tala;Steel Ergonomic;redefine invoice;Feminin;deposit Account Account;Plastic discrete;compress;XML;XSS;Kathleen_Green@gmail.com
