id;nom_utilisateur;prenom_utilisateur;email_institutionnel;mobile;sexe;departement;service_dep
1;Unbranded;index Re-engineered Tasty;core Vincent orange;cyan Realigned Music;Pizza applications;ADP Internal;Square 24/7
2;teal;grey;back-end calculating Compatible;Sleek;Marketing haptic;connect tangible Hawaii;Connecticut channels
3;Product Intelligent;Infrastructure;Tactics Serbia Tasty;SCSI;Franc cohesive Concrete;up Virtual;SQL Towels
4;Technician deposit;visionary revolutionary;Dynamic;Infrastructure;Account XML Sleek;Steel;homogeneous
5;Korean;innovate Director;system;withdrawal payment front-end;maroon primary;Optimization capability Herzegovina;Baby Principal
6;Coordinator;compressing Ouguiya Practical;Palau withdrawal;XSS Ball invoice;Rubber Route;sexy;parse Profit-focused
7;Intelligent;Granite;Pound bypass Electronics;Zambia;input;Tuna Savings;programming withdrawal
8;one-to-one framework;Implemented;explicit;Phased Cross-group;Account;cross-media Central neural;Internal
9;synergies Tuna Berkshire;Salad Via infomediaries;lime quantifying;Sleek schemas withdrawal;Loop;Lead Arkansas;functionalities Som
10;Cotton GB;Account;deposit compelling Direct;Jewelery;up Front-line;Checking Avon users;holistic generate mesh
